{"cameraMode":{"drawMode":0,"name":"Shaded","section":"Shading Mode"},"sceneLighting":false,"audioPlay":false,"sceneViewState":{"showFog":true,"showMaterialUpdate":false,"showSkybox":false,"showFlares":true,"showImageEffects":true,"showParticleSystems":true},"in2DMode":false,"pivot":{"x":-5.211088180541992,"y":0.8000000715255737,"z":0.7399085164070129},"rotation":{"x":0.29608625173568728,"y":-0.25110143423080447,"z":0.08098873496055603,"w":0.9179993271827698},"size":1.3856408596038819,"orthographic":false}