{"cameraMode":{"drawMode":0,"name":"Shaded","section":"Shading Mode"},"sceneLighting":false,"audioPlay":false,"sceneViewState":{"showFog":true,"showMaterialUpdate":false,"showSkybox":false,"showFlares":true,"showImageEffects":true,"showParticleSystems":true},"in2DMode":false,"pivot":{"x":-4.769999980926514,"y":0.5385574698448181,"z":16.780593872070314},"rotation":{"x":0.29608625173568728,"y":-0.25110143423080447,"z":0.08098873496055603,"w":0.9179993271827698},"size":1.1013832092285157,"orthographic":false}